Category,Post Headline/Hook,Statistic or Fact,Source Name
Resilience,Hurricane-Grade Protection,Anchored shipping containers can withstand wind speeds up to 180 mph (Category 5 strength).,USA-Containers LLC
Resilience,Standard Unit Wind Rating,Unsecured 20ft steel ISO containers can resist winds up to 150 mph.,American Trailer Rentals
Resilience,High-Cube Wind Rating,Unsecured 40ft high cube containers are rated for 130 mph winds.,American Trailer Rentals
Resilience,Bayou-Ready Durability,Properly anchored units can withstand up to 175 mph winds.,Valtran
Durability,The Power of Corten Steel,Corten steel (weathering steel) used in containers is up to 8x more corrosion-resistant than standard carbon steel.,Container Alliance
Durability,Near Eternal Assets,Corten steel structures can last decades to over 100 years with proper maintenance.,A American Container
Durability,Marine-Grade Integrity,Shipping containers are designed to endure waves up to 50 feet in height.,Valtran
Market Authority,A Growing $16B Industry,The global shipping container market is projected to reach $16.49 billion by 2033.,Yahoo Finance
Market Authority,US Market Share,The U.S. shipping container market is valued at $2.33 billion as of 2025.,SNS Insider
Efficiency,Build 70% Faster,Container buildings can be completed 60-70% faster than traditional construction.,Conexwest
Efficiency,Construction Cost Savings,Shipping container structures typically cost 20-30% less than traditional building methods.,Conexwest
Efficiency,Rapid ROI,While a traditional building might take 6-12 months, a container structure can be ready in 6-8 weeks.,Conexwest
Efficiency,Small Home Cost,A small container home can be finished in 8-12 weeks compared to 8-12 months for traditional brick.,Facebook (Container Hacker)
Sustainability,Massive Steel Savings,Repurposing a single container saves an estimated 3,500kg of steel.,Conexwest
Sustainability,Carbon Footprint Reduction,Repurposing a container reduces a project's carbon footprint by approximately 8.5 tons of CO2.,Conexwest
Sustainability,CO2 Impact,Every tonne of container steel reused instead of scrapped saves 1.5 to 2 tonnes of CO2.,LinkedIn
Trust & Safety,Scam Surge Warning,Reported losses from shipping container scams exceeded $84,000 in just the first nine months of 2025.,Consumer Protection WA
Trust & Safety,Industry Fraud Spike,Freight and shipping fraud reports surged by 65% between late 2024 and early 2025.,The Supply Chain Xchange
Operations,Pro Delivery Tip: 40ft Space,A 40ft container requires approximately 120-125 feet of straight-line clearance for safe delivery.,Western Container Sales
Operations,Pro Delivery Tip: 20ft Space,A 20ft container requires a minimum of 75-80 feet of straight-line clearance for delivery.,UsedConex.com
Operations,Overhead Clearance,Delivery trucks need at least 14 feet of vertical clearance and up to 16 feet during the drop-off tilt.,Western Container Sales
